"Proposal_ID","Sampling_Set","Core_Section","Sample_Name","pH","flag_pH"
"61049","30","TOP","61049_30_TOP",6.48,
"61049","30","BTM","61049_30_BTM",6.05,
"61049","31","TOP","61049_31_TOP",6.72,
"61049","31","BTM","61049_31_BTM",5.44,
"61049","32","TOP","61049_32_TOP",4.45,
"61049","32","BTM","61049_32_BTM",4.36,
"61049","33","TOP","61049_33_TOP",6.43,
"61049","33","BTM","61049_33_BTM",6.58,
"61049","35","TOP","61049_35_TOP",7.55,
"61049","35","BTM","61049_35_BTM",8.06,
"61049","36","TOP","61049_36_TOP",6.15,
"61049","36","BTM","61049_36_BTM",6.13,
"61049","37","TOP","61049_37_TOP",6.61,
"61049","37","BTM","61049_37_BTM",6.47,
"61049","43","TOP","61049_43_TOP",8.65,
"61049","43","BTM","61049_43_BTM",8.39,
"61049","45","TOP","61049_45_TOP",6.26,
"61049","45","BTM","61049_45_BTM",6.72,
"61049","48","TOP","61049_48_TOP",3.63,
"61049","48","BTM","61049_48_BTM",4.24,
"61558","3","TOP","61558_3_TOP",6.21,
"61558","3","BTM","61558_3_BTM",6.66,
"61558","4","TOP","61558_4_TOP",6.46,
"61558","4","BTM","61558_4_BTM",6.38,
"61558","5","TOP","61558_5_TOP",5.96,
"61558","5","BTM","61558_5_BTM",5.49,
"61558","6","TOP","61558_6_TOP",5.89,
"61558","6","BTM","61558_6_BTM",6.03,
"61558","7","TOP","61558_7_TOP",6.1,
"61558","7","BTM","61558_7_BTM",5.66,
"61558","8","TOP","61558_8_TOP",5.69,
"61558","8","BTM","61558_8_BTM",6.18,
"61608","1","TOP","61608_1_TOP",4.12,
"61608","1","BTM","61608_1_BTM",4.89,
"61608","2","TOP","61608_2_TOP",5.48,
"61608","2","BTM","61608_2_BTM",5.37,
"61608","3","TOP","61608_3_TOP",4.39,
"61608","3","BTM","61608_3_BTM",5.21,
"61608","4","TOP","61608_4_TOP",3.85,
"61608","4","BTM","61608_4_BTM",4.72,
"61608","5","TOP","61608_5_TOP",5,
"61608","5","BTM","61608_5_BTM",5.04,
"61608","6","TOP","61608_6_TOP",6.12,
"61608","6","BTM","61608_6_BTM",6.48,
"61608","7","TOP","61608_7_TOP",3.47,
"61608","7","BTM","61608_7_BTM",3.48,
"61608","8","TOP","61608_8_TOP",4.67,
"61608","8","BTM","61608_8_BTM",4.81,
"61608","9","TOP","61608_9_TOP",5.05,
"61608","9","BTM","61608_9_BTM",5.45,
"61609","1","TOP","61609_1_TOP",7.77,
"61609","1","BTM","61609_1_BTM",8.03,
"61609","2","TOP","61609_2_TOP",8.18,
"61609","2","BTM","61609_2_BTM",8.29,
"61609","3","TOP","61609_3_TOP",7.82,
"61609","3","BTM","61609_3_BTM",8.23,
"61610","1","TOP","61610_1_TOP",5.16,
"61610","1","BTM","61610_1_BTM",5.2,
"61610","2","TOP","61610_2_TOP",5.77,
"61610","2","BTM","61610_2_BTM",6.13,
"61610","3","TOP","61610_3_TOP",5.95,
"61610","3","BTM","61610_3_BTM",6.1,
"61610","4","TOP","61610_4_TOP",5.87,
"61610","4","BTM","61610_4_BTM",5.82,
"61610","5","TOP","61610_5_TOP",5.88,
"61610","5","BTM","61610_5_BTM",5.99,
"61610","6","TOP","61610_6_TOP",5.95,
"61610","6","BTM","61610_6_BTM",6.43,
"61610","7","TOP","61610_7_TOP",5.28,
"61610","7","BTM","61610_7_BTM",6.53,
"61610","8","TOP","61610_8_TOP",6.28,
"61610","8","BTM","61610_8_BTM",6.74,
"61610","9","TOP","61610_9_TOP",6.85,
"61610","9","BTM","61610_9_BTM",,
"61611","1","TOP","61611_1_TOP",5.9,
"61611","1","BTM","61611_1_BTM",5.31,
"61611","2","TOP","61611_2_TOP",5.32,
"61611","2","BTM","61611_2_BTM",5.19,
"61611","3","TOP","61611_3_TOP",5.33,
"61611","3","BTM","61611_3_BTM",5.47,
"61611","4","TOP","61611_4_TOP",6.34,
"61611","4","BTM","61611_4_BTM",6.48,
"61611","5","TOP","61611_5_TOP",6.41,
"61611","5","BTM","61611_5_BTM",6.54,
"61611","6","TOP","61611_6_TOP",6.3,
"61611","6","BTM","61611_6_BTM",6.49,
"61611","7","TOP","61611_7_TOP",5.42,
"61611","7","BTM","61611_7_BTM",4.79,
"61611","8","TOP","61611_8_TOP",5.11,
"61611","8","BTM","61611_8_BTM",4.91,
"61611","9","TOP","61611_9_TOP",5.09,
"61611","9","BTM","61611_9_BTM",4.79,
"61630","1","TOP","61630_1_TOP",6.02,
"61630","1","BTM","61630_1_BTM",6.1,
"61630","10","TOP","61630_10_TOP",6.65,
"61630","10","BTM","61630_10_BTM",6.81,
"61630","11","TOP","61630_11_TOP",6.34,
"61630","11","BTM","61630_11_BTM",6.91,
"61630","12","TOP","61630_12_TOP",6.14,
"61630","12","BTM","61630_12_BTM",6.8,
"61630","13","TOP","61630_13_TOP",5.9,
"61630","13","BTM","61630_13_BTM",6.14,
"61630","14","TOP","61630_14_TOP",6,
"61630","14","BTM","61630_14_BTM",6.02,
"61630","15","TOP","61630_15_TOP",6.28,
"61630","15","BTM","61630_15_BTM",6.01,
"61630","16","TOP","61630_16_TOP",6.55,
"61630","16","BTM","61630_16_BTM",6.6,
"61630","17","TOP","61630_17_TOP",5.63,
"61630","17","BTM","61630_17_BTM",5.87,
"61630","18","TOP","61630_18_TOP",5.73,
"61630","18","BTM","61630_18_BTM",6.41,
"61630","19","TOP","61630_19_TOP",6.26,
"61630","19","BTM","61630_19_BTM",6.42,
"61630","2","TOP","61630_2_TOP",6.15,
"61630","2","BTM","61630_2_BTM",6.85,
"61630","20","TOP","61630_20_TOP",6.23,
"61630","20","BTM","61630_20_BTM",6.34,
"61630","21","TOP","61630_21_TOP",6.55,
"61630","21","BTM","61630_21_BTM",6.2,
"61630","22","TOP","61630_22_TOP",6.66,
"61630","22","BTM","61630_22_BTM",6.28,
"61630","23","TOP","61630_23_TOP",5.83,
"61630","23","BTM","61630_23_BTM",6.34,
"61630","24","TOP","61630_24_TOP",6.35,
"61630","24","BTM","61630_24_BTM",6.94,
"61630","3","TOP","61630_3_TOP",6.4,
"61630","3","BTM","61630_3_BTM",6.83,
"61630","4","TOP","61630_4_TOP",6.6,
"61630","4","BTM","61630_4_BTM",6.9,
"61630","5","TOP","61630_5_TOP",6.63,
"61630","5","BTM","61630_5_BTM",6.81,
"61630","6","TOP","61630_6_TOP",5.63,
"61630","6","BTM","61630_6_BTM",6.18,
"61630","7","TOP","61630_7_TOP",5.76,
"61630","7","BTM","61630_7_BTM",6.72,
"61630","8","TOP","61630_8_TOP",6.19,
"61630","8","BTM","61630_8_BTM",6.55,
"61630","9","TOP","61630_9_TOP",6.66,
"61630","9","BTM","61630_9_BTM",6.72,
"61799","1","TOP","61799_1_TOP",3.86,
"61799","1","BTM","61799_1_BTM",4.51,
"61799","2","TOP","61799_2_TOP",3.72,
"61799","2","BTM","61799_2_BTM",4.81,
"61799","3","TOP","61799_3_TOP",3.89,
"61799","3","BTM","61799_3_BTM",4.99,
"61799","4","TOP","61799_4_TOP",4.2,
"61799","4","BTM","61799_4_BTM",4.62,
"61799","5","TOP","61799_5_TOP",3.49,
"61799","5","BTM","61799_5_BTM",4.79,
"61799","6","TOP","61799_6_TOP",3.51,
"61799","6","BTM","61799_6_BTM",4.68,
"61799","7","TOP","61799_7_TOP",4.17,
"61799","7","BTM","61799_7_BTM",4.84,
"61799","8","TOP","61799_8_TOP",3.59,
"61799","8","BTM","61799_8_BTM",4.67,
"61799","9","TOP","61799_9_TOP",3.93,
"61799","9","BTM","61799_9_BTM",4.73,
"61801","1","TOP","61801_1_TOP",,
"61801","1","BTM","61801_1_BTM",,
"61804","1","TOP","61804_1_TOP",6.97,
"61804","1","BTM","61804_1_BTM",6.84,
"61804","2","TOP","61804_2_TOP",6.94,
"61804","2","BTM","61804_2_BTM",6.7,
"61804","3","TOP","61804_3_TOP",6.83,
"61804","3","BTM","61804_3_BTM",6.24,
"61804","4","TOP","61804_4_TOP",6.63,
"61804","4","BTM","61804_4_BTM",7.11,
"61804","5","TOP","61804_5_TOP",6.98,
"61804","5","BTM","61804_5_BTM",6.67,
"61804","6","TOP","61804_6_TOP",7,
"61804","6","BTM","61804_6_BTM",6.35,
"61804","7","TOP","61804_7_TOP",6.86,
"61804","7","BTM","61804_7_BTM",6.37,
"61805","1","TOP","61805_1_TOP",5.97,
"61805","1","BTM","61805_1_BTM",5.97,
"61805","2","TOP","61805_2_TOP",5.63,
"61805","2","BTM","61805_2_BTM",5.72,
"61805","3","TOP","61805_3_TOP",5.99,
"61805","3","BTM","61805_3_BTM",5.99,
"61805","4","TOP","61805_4_TOP",5.9,
"61805","4","BTM","61805_4_BTM",5.81,
"61805","5","TOP","61805_5_TOP",5.54,
"61805","5","BTM","61805_5_BTM",5.19,
"61805","6","TOP","61805_6_TOP",5.47,
"61805","6","BTM","61805_6_BTM",5.45,
"61805","7","TOP","61805_7_TOP",4.88,
"61805","7","BTM","61805_7_BTM",4.46,
"61805","8","TOP","61805_8_TOP",5.06,
"61805","8","BTM","61805_8_BTM",4.92,
"61805","9","TOP","61805_9_TOP",4.74,
"61805","9","BTM","61805_9_BTM",4.74,
"61806","1","TOP","61806_1_TOP",6.01,
"61806","1","BTM","61806_1_BTM",5.86,
"61806","2","TOP","61806_2_TOP",5.71,
"61806","2","BTM","61806_2_BTM",5.84,
"61806","3","TOP","61806_3_TOP",5.68,
"61806","3","BTM","61806_3_BTM",5.88,
"61806","4","TOP","61806_4_TOP",5.63,
"61806","4","BTM","61806_4_BTM",5.9,
"61806","5","TOP","61806_5_TOP",5.94,
"61806","5","BTM","61806_5_BTM",6.02,
"61806","6","TOP","61806_6_TOP",5.83,
"61806","6","BTM","61806_6_BTM",5.96,
"61806","7","TOP","61806_7_TOP",5.92,
"61806","7","BTM","61806_7_BTM",6.13,
"61806","8","TOP","61806_8_TOP",6.32,
"61806","8","BTM","61806_8_BTM",6.54,
