Proposal_ID,Sampling_Set,Core_Section,Sample_Name,Bulk_density_g_per_cm3,flag_Bulk_density
61049,30,TOP,61049_30_TOP,1.85,
61049,30,BTM,61049_30_BTM,1.6,
61049,31,TOP,61049_31_TOP,1.52,
61049,31,BTM,61049_31_BTM,1.26,
61049,32,TOP,61049_32_TOP,0.61,
61049,32,BTM,61049_32_BTM,0.52,
61049,33,TOP,61049_33_TOP,0.62,
61049,33,BTM,61049_33_BTM,1.59,
61049,35,TOP,61049_35_TOP,2.63,
61049,35,BTM,61049_35_BTM,2.09,
61049,36,TOP,61049_36_TOP,0.76,
61049,36,BTM,61049_36_BTM,1.15,
61049,37,TOP,61049_37_TOP,2.08,
61049,37,BTM,61049_37_BTM,1.48,
61049,43,TOP,61049_43_TOP,,
61049,43,BTM,61049_43_BTM,,
61049,45,TOP,61049_45_TOP,1.42,
61049,45,BTM,61049_45_BTM,1.2,
61049,48,TOP,61049_48_TOP,,
61049,48,BTM,61049_48_BTM,,
61558,3,TOP,61558_3_TOP,0.81,
61558,3,BTM,61558_3_BTM,1.07,
61558,4,TOP,61558_4_TOP,1.11,
61558,4,BTM,61558_4_BTM,1.15,
61558,5,TOP,61558_5_TOP,0.81,
61558,5,BTM,61558_5_BTM,0.91,
61558,6,TOP,61558_6_TOP,0.52,
61558,6,BTM,61558_6_BTM,1.38,
61558,7,TOP,61558_7_TOP,,
61558,7,BTM,61558_7_BTM,,
61558,8,TOP,61558_8_TOP,,
61558,8,BTM,61558_8_BTM,,
61608,1,TOP,61608_1_TOP,0.41,
61608,1,BTM,61608_1_BTM,1.4,
61608,2,TOP,61608_2_TOP,0.95,
61608,2,BTM,61608_2_BTM,1.71,
61608,3,TOP,61608_3_TOP,0.49,
61608,3,BTM,61608_3_BTM,1.66,
61608,4,TOP,61608_4_TOP,0.32,
61608,4,BTM,61608_4_BTM,0.39,
61608,5,TOP,61608_5_TOP,0.57,
61608,5,BTM,61608_5_BTM,1.64,
61608,6,TOP,61608_6_TOP,0.75,
61608,6,BTM,61608_6_BTM,0.66,
61608,7,TOP,61608_7_TOP,0.32,
61608,7,BTM,61608_7_BTM,0.75,
61608,8,TOP,61608_8_TOP,0.76,
61608,8,BTM,61608_8_BTM,1.38,
61608,9,TOP,61608_9_TOP,0.95,
61608,9,BTM,61608_9_BTM,1.19,
61609,1,TOP,61609_1_TOP,1.66,
61609,1,BTM,61609_1_BTM,1.83,
61609,2,TOP,61609_2_TOP,1.84,
61609,2,BTM,61609_2_BTM,1.34,
61609,3,TOP,61609_3_TOP,2.32,
61609,3,BTM,61609_3_BTM,1.62,
61610,1,TOP,61610_1_TOP,1.33,
61610,1,BTM,61610_1_BTM,0.89,
61610,2,TOP,61610_2_TOP,0.36,
61610,2,BTM,61610_2_BTM,0.23,
61610,3,TOP,61610_3_TOP,0.33,
61610,3,BTM,61610_3_BTM,0.19,
61610,4,TOP,61610_4_TOP,0.37,
61610,4,BTM,61610_4_BTM,0.53,
61610,5,TOP,61610_5_TOP,0.5,
61610,5,BTM,61610_5_BTM,0.37,
61610,6,TOP,61610_6_TOP,0.38,
61610,6,BTM,61610_6_BTM,0.22,
61610,7,TOP,61610_7_TOP,0.47,
61610,7,BTM,61610_7_BTM,0.4,
61610,8,TOP,61610_8_TOP,0.43,
61610,8,BTM,61610_8_BTM,0.29,
61610,9,TOP,61610_9_TOP,0.36,
61610,9,BTM,61610_9_BTM,,
61611,1,TOP,61611_1_TOP,0.9,
61611,1,BTM,61611_1_BTM,0.64,
61611,2,TOP,61611_2_TOP,0.8,
61611,2,BTM,61611_2_BTM,0.64,
61611,3,TOP,61611_3_TOP,0.85,
61611,3,BTM,61611_3_BTM,0.78,
61611,4,TOP,61611_4_TOP,1.15,
61611,4,BTM,61611_4_BTM,1.37,
61611,5,TOP,61611_5_TOP,1.17,
61611,5,BTM,61611_5_BTM,1.19,
61611,6,TOP,61611_6_TOP,1.17,
61611,6,BTM,61611_6_BTM,1.21,
61611,7,TOP,61611_7_TOP,0.64,
61611,7,BTM,61611_7_BTM,0.76,
61611,8,TOP,61611_8_TOP,0.65,
61611,8,BTM,61611_8_BTM,0.66,
61611,9,TOP,61611_9_TOP,0.74,
61611,9,BTM,61611_9_BTM,0.65,
61630,1,TOP,61630_1_TOP,1.87,
61630,1,BTM,61630_1_BTM,1.71,
61630,10,TOP,61630_10_TOP,0.86,
61630,10,BTM,61630_10_BTM,,Failed_QC
61630,11,TOP,61630_11_TOP,2.04,
61630,11,BTM,61630_11_BTM,1.67,
61630,12,TOP,61630_12_TOP,2.22,
61630,12,BTM,61630_12_BTM,1.95,
61630,13,TOP,61630_13_TOP,2.2,
61630,13,BTM,61630_13_BTM,1.57,
61630,14,TOP,61630_14_TOP,2.36,
61630,14,BTM,61630_14_BTM,1.51,
61630,15,TOP,61630_15_TOP,2.16,
61630,15,BTM,61630_15_BTM,1.43,
61630,16,TOP,61630_16_TOP,2.09,
61630,16,BTM,61630_16_BTM,1.3,
61630,17,TOP,61630_17_TOP,2.23,
61630,17,BTM,61630_17_BTM,1.68,
61630,18,TOP,61630_18_TOP,2.02,
61630,18,BTM,61630_18_BTM,1.57,
61630,19,TOP,61630_19_TOP,2.01,
61630,19,BTM,61630_19_BTM,1.43,
61630,2,TOP,61630_2_TOP,2.37,
61630,2,BTM,61630_2_BTM,1.62,
61630,20,TOP,61630_20_TOP,1.79,
61630,20,BTM,61630_20_BTM,1.6,
61630,21,TOP,61630_21_TOP,2.3,
61630,21,BTM,61630_21_BTM,1.39,
61630,22,TOP,61630_22_TOP,2.32,
61630,22,BTM,61630_22_BTM,1.67,
61630,23,TOP,61630_23_TOP,2.22,
61630,23,BTM,61630_23_BTM,1.83,
61630,24,TOP,61630_24_TOP,1.88,
61630,24,BTM,61630_24_BTM,1.45,
61630,3,TOP,61630_3_TOP,2.17,
61630,3,BTM,61630_3_BTM,1.75,
61630,4,TOP,61630_4_TOP,2.31,
61630,4,BTM,61630_4_BTM,1.73,
61630,5,TOP,61630_5_TOP,1.92,
61630,5,BTM,61630_5_BTM,1.5,
61630,6,TOP,61630_6_TOP,2.27,
61630,6,BTM,61630_6_BTM,1.81,
61630,7,TOP,61630_7_TOP,2.23,
61630,7,BTM,61630_7_BTM,1.59,
61630,8,TOP,61630_8_TOP,2.35,
61630,8,BTM,61630_8_BTM,1.33,
61630,9,TOP,61630_9_TOP,1.91,
61630,9,BTM,61630_9_BTM,1.34,
61799,1,TOP,61799_1_TOP,0.77,
61799,1,BTM,61799_1_BTM,1.22,
61799,2,TOP,61799_2_TOP,0.74,
61799,2,BTM,61799_2_BTM,1.2,
61799,3,TOP,61799_3_TOP,0.86,
61799,3,BTM,61799_3_BTM,1.22,
61799,4,TOP,61799_4_TOP,0.92,
61799,4,BTM,61799_4_BTM,1.16,
61799,5,TOP,61799_5_TOP,0.66,
61799,5,BTM,61799_5_BTM,1.03,
61799,6,TOP,61799_6_TOP,0.63,
61799,6,BTM,61799_6_BTM,0.94,
61799,7,TOP,61799_7_TOP,0.68,
61799,7,BTM,61799_7_BTM,1.11,
61799,8,TOP,61799_8_TOP,0.48,
61799,8,BTM,61799_8_BTM,1.24,
61799,9,TOP,61799_9_TOP,0.45,
61799,9,BTM,61799_9_BTM,0.67,
61801,1,TOP,61801_1_TOP,,
61801,1,BTM,61801_1_BTM,,
61804,1,TOP,61804_1_TOP,1.8,
61804,1,BTM,61804_1_BTM,1.28,
61804,2,TOP,61804_2_TOP,1.73,
61804,2,BTM,61804_2_BTM,1.4,
61804,3,TOP,61804_3_TOP,1.67,
61804,3,BTM,61804_3_BTM,1.22,
61804,4,TOP,61804_4_TOP,1.73,
61804,4,BTM,61804_4_BTM,1.27,
61804,5,TOP,61804_5_TOP,1.42,
61804,5,BTM,61804_5_BTM,1.34,
61804,6,TOP,61804_6_TOP,1.67,
61804,6,BTM,61804_6_BTM,1.48,
61804,7,TOP,61804_7_TOP,1.98,
61804,7,BTM,61804_7_BTM,1.39,
61805,1,TOP,61805_1_TOP,,
61805,1,BTM,61805_1_BTM,,
61805,2,TOP,61805_2_TOP,,
61805,2,BTM,61805_2_BTM,,
61805,3,TOP,61805_3_TOP,,
61805,3,BTM,61805_3_BTM,,
61805,4,TOP,61805_4_TOP,,
61805,4,BTM,61805_4_BTM,,
61805,5,TOP,61805_5_TOP,,
61805,5,BTM,61805_5_BTM,,
61805,6,TOP,61805_6_TOP,,
61805,6,BTM,61805_6_BTM,,
61805,7,TOP,61805_7_TOP,,
61805,7,BTM,61805_7_BTM,,
61805,8,TOP,61805_8_TOP,,
61805,8,BTM,61805_8_BTM,,
61805,9,TOP,61805_9_TOP,,
61805,9,BTM,61805_9_BTM,,
61806,1,TOP,61806_1_TOP,1.24,
61806,1,BTM,61806_1_BTM,0.83,
61806,2,TOP,61806_2_TOP,1.16,
61806,2,BTM,61806_2_BTM,1.28,
61806,3,TOP,61806_3_TOP,1.36,
61806,3,BTM,61806_3_BTM,1.2,
61806,4,TOP,61806_4_TOP,1.28,
61806,4,BTM,61806_4_BTM,1.2,
61806,5,TOP,61806_5_TOP,1.19,
61806,5,BTM,61806_5_BTM,1.25,
61806,6,TOP,61806_6_TOP,1.24,
61806,6,BTM,61806_6_BTM,1.31,
61806,7,TOP,61806_7_TOP,1.3,
61806,7,BTM,61806_7_BTM,0.74,
61806,8,TOP,61806_8_TOP,1.11,
61806,8,BTM,61806_8_BTM,1.03,